{"z0": 50.0, "z1": -65.78507995605469, "uv": [[0.0674474835395813, 0.411141037940979], [0.0674474835395813, 0.6126017570495605], [0.2109375, 0.3123679459095001], [0.2109375, 0.727668821811676], [0.2431178241968155, 0.46378007531166077], [0.2431178241968155, 0.545255720615387], [0.31640625, 0.46679991483688354], [0.31640625, 0.5413147807121277], [0.5194141864776611, 0.42194342613220215], [0.5194141864776611, 0.5990406274795532], [0.5546875, 0.3104908764362335], [0.5546875, 0.7296834588050842], [0.6575971841812134, 0.38049396872520447], [0.6575971841812134, 0.6501281261444092], [0.7998046875, 0.3662511706352234], [0.7998046875, 0.6670382618904114], [0.8026788830757141, 0.3598178029060364], [0.8026788830757141, 0.6745587587356567], [0.91015625, 0.41702067852020264], [0.91015625, 0.6052402853965759]]}