{"z0": 50.0, "z1": -140.2552490234375, "uv": [[0.11782694607973099, 0.4560432732105255], [0.11782694607973099, 0.6149173378944397], [0.3875194191932678, 0.4579126238822937], [0.3875194191932678, 0.6102319955825806], [0.5936061143875122, 0.45430344343185425], [0.5936061143875122, 0.6192381381988525], [0.8994338512420654, 0.4518662691116333], [0.8994338512420654, 0.6252240538597107]]}