{"z0": 50.0, "z1": -72.26455688476562, "uv": [[0.09302376210689545, 0.42815470695495605], [0.09302376210689545, 0.5996809601783752], [0.3898034989833832, 0.4181287884712219], [0.3898034989833832, 0.6133410930633545], [0.6103475689888, 0.4185831844806671], [0.6103475689888, 0.6127264499664307], [0.9049381613731384, 0.4284608066082001], [0.9049381613731384, 0.5992607474327087]]}