{"z0": 50.0, "z1": -31.258811950683594, "uv": [[0.17711444199085236, 0.1989232748746872], [0.17711444199085236, 0.7253019213676453], [0.40973031520843506, 0.2804497480392456], [0.40973031520843506, 0.6497715711593628], [0.5475741028785706, 0.26122134923934937], [0.5475741028785706, 0.6660856008529663], [0.602325975894928, 0.155008465051651], [0.602325975894928, 0.7741734981536865], [0.7009338140487671, 0.30345237255096436], [0.7009338140487671, 0.6312474012374878], [0.7863914370536804, 0.3004087805747986], [0.7863914370536804, 0.6336413621902466]]}