{"z0": 50.0, "z1": -50.00532531738281, "uv": [[0.00024870713241398335, 0.2069583535194397], [0.00024870713241398335, 0.7911048531532288], [-1.1102230246251565e-16, 0.27190136909484863], [-1.1102230246251565e-16, 0.726162314414978], [0.09782352298498154, 0.30340713262557983], [0.09782352298498154, 0.69465571641922], [0.40916529297828674, 0.31441181898117065], [0.40916529297828674, 0.6836506128311157], [0.4978777766227722, 0.28876999020576477], [0.4978777766227722, 0.7092933058738708], [0.4973280131816864, 0.24303503334522247], [0.4973280131816864, 0.7550287842750549], [0.5802842378616333, 0.2644363343715668], [0.5802842378616333, 0.733627438545227], [0.90234375, 0.23817771673202515], [0.90234375, 0.7598860859870911]]}