{"z0": 50.0, "z1": -126.65107727050781, "uv": [[0.2833022177219391, 0.4632622003555298], [0.2833022177219391, 0.5876287221908569], [0.4122128188610077, 0.3626117706298828], [0.4122128188610077, 0.7721858620643616], [0.45498040318489075, 0.42345383763313293], [0.45498040318489075, 0.6740511655807495], [0.5803388357162476, 0.43009692430496216], [0.5803388357162476, 0.6608461141586304], [0.9671554565429688, 0.47003108263015747], [0.9671554565429688, 0.5713922381401062], [0.10767431557178497, 0.4759748876094818], [0.10767431557178497, 0.5568630695343018]]}