{"z0": 50.0, "z1": -111.60247802734375, "uv": [[0.10394944995641708, 0.4335455596446991], [0.10394944995641708, 0.6377615332603455], [0.38363727927207947, 0.42779791355133057], [0.38363727927207947, 0.6486258506774902], [0.6120353937149048, 0.4265218675136566], [0.6120353937149048, 0.6510002017021179], [0.8983252644538879, 0.4325583875179291], [0.8983252644538879, 0.6396470665931702]]}