{"z0": 50.0, "z1": -91.36831665039062, "uv": [[0.1262602061033249, 0.4235547184944153], [0.1262602061033249, 0.631380558013916], [0.35238179564476013, 0.415126770734787], [0.35238179564476013, 0.6448475122451782], [0.6514096260070801, 0.41835010051727295], [0.6514096260070801, 0.6397383809089661], [0.8677667379379272, 0.4259265065193176], [0.8677667379379272, 0.6275283098220825]]}