{"z0": 50.0, "z1": -46.009986877441406, "uv": [[0.1748046875, 0.14076992869377136], [0.1748046875, 0.8467202186584473], [0.2465701401233673, 0.47184163331985474], [0.2465701401233673, 0.5240454077720642], [0.2578125, 0.47187379002571106], [0.2578125, 0.5240157842636108], [0.38804110884666443, 0.21330484747886658], [0.38804110884666443, 0.7717322111129761], [0.3920600116252899, 0.21809010207653046], [0.3920600116252899, 0.7668797373771667], [0.6357421875, 0.24569828808307648], [0.6357421875, 0.7391191720962524], [0.7179281115531921, 0.20474892854690552], [0.7179281115531921, 0.780438244342804], [0.7255859375, 0.24791495501995087], [0.7255859375, 0.7369076013565063], [0.9387906789779663, 0.3836493492126465], [0.9387906789779663, 0.6058927774429321], [0.02691793069243431, 0.37720614671707153], [0.02691793069243431, 0.6119447350502014]]}